name,position,chromosome,rank
rs9939609,53786615,16,2366
rs12979860,39248147,19,2190
rs7903146,112998590,10,1765
rs4680,19963748,22,1596
rs8099917,39252525,19,1571
rs3,31872705,13,1487
rs6265,27658369,11,1311
rs1800629,31575254,6,1301
rs6983267,127401060,8,1104
rs7412,44908822,19,1056
rs429358,44908684,19,1041
rs2910164,160485411,5,1019
rs1801133,11796321,1,1006
rs2476601,113834946,1,976
rs4,31873085,13,972
rs8050136,53782363,16,942
rs11614913,53991815,12,824
rs780094,27518370,2,822
rs17782313,60183864,18,799
rs13266634,117172544,8,795
rs1801282,12351626,3,794
rs7574865,191099907,2,764
rs738409,43928847,22,736
rs1061170,196690107,1,731
rs1042522,7676154,17,723
rs25531,30237328,17,711
rs16969968,78590583,15,700
rs11209026,67240275,1,679
rs4986790,117713024,9,647
rs1801131,11794419,1,636
rs1260326,27508073,2,628
rs1800896,206773552,1,627
rs2234693,151842200,6,621
rs1800872,206773062,1,615
rs1800795,22727026,7,612
rs1111875,92703125,10,595
rs4420638,44919689,19,590
rs10490924,122454932,10,570
rs25487,43551574,19,556
rs1051730,78601997,15,551
rs1045642,87509329,7,548
rs3764261,56959412,16,528
rs10811661,22134095,9,526
rs4402960,185793899,3,521
rs3746444,34990448,20,518
rs1333049,22125504,9,514
rs401681,1321972,5,492
rs10830963,92975544,11,489
rs964184,116778201,11,475
rs2066845,50722629,16,469
rs2241880,233274722,2,461
rs20541,132660272,5,460
rs2736100,1286401,5,458
rs3184504,111446804,12,456
rs1800497,113400106,11,450
rs731236,47844974,12,448
rs2032582,87531302,7,442
rs361525,31575324,6,439
rs4430796,37738049,17,418
rs1544410,47846052,12,417
rs2981582,121592803,10,407
rs12913832,28120472,15,405
rs1421085,53767042,16,399
rs2066847,50729867,16,399
rs11136000,27607002,8,391
rs2237892,2818521,11,383
rs8034191,78513681,15,380
rs671,111803962,12,380
rs1799964,31574531,6,370
rs1695,67585218,11,370
rs5,92209796,7,364
rs13181,45351661,19,359
rs4986791,117713324,9,358
rs12255372,113049143,10,349
rs3087243,203874196,2,344
rs1205,159712443,1,343
rs2243250,132673462,5,343
rs16944,112837290,2,341
rs5219,17388025,11,338
rs4939827,48927093,18,336
rs7578597,43505684,2,334
rs599839,109279544,1,332
rs1801274,161509955,1,330
rs2279744,68808800,12,329
rs174547,61803311,11,329
rs3803662,52552429,16,326
rs1982073,46550761,19,326
rs2066844,50712015,16,325
rs2075650,44892362,19,324
rs3025039,43784799,6,324
rs4149056,21178615,12,323
rs10938397,45180510,4,318
rs1800871,206773289,1,317
rs7754840,20661019,6,315
rs10923931,119975336,1,315
rs1042713,148826877,5,308
rs2046210,151627231,6,308
rs1799983,150999023,7,306
rs2108622,15879621,19,305
rs1052133,9757089,3,305
rs1800469,41354391,19,304
rs1024611,34252769,17,303
rs1121980,53775335,16,302
rs1229984,99318162,4,302
rs10757278,22124478,9,301
rs776746,99672916,7,301
rs7517847,67215986,1,300
rs646776,109275908,1,297
rs1143634,112832813,2,290
rs9340799,151842246,6,289
rs10,92754574,7,287
rs4880,159692840,6,286
rs1800925,132657117,5,286
rs1990760,162267541,2,286
rs16891982,33951588,5,284
rs3077,33065245,6,284
rs7041,71752617,4,283
rs231775,203867991,2,282
rs662799,116792991,11,282
rs7,92150243,7,282
rs174546,61802358,11,282
rs11200638,122461028,10,281
rs6897932,35874473,5,281
rs2814778,159204893,1,278
rs7961581,71269322,12,275
rs9923231,31096368,16,275
rs1799884,44189469,7,273
rs1426654,48134287,15,273
rs2104286,6057082,10,271
rs7901695,112994329,10,271
rs11465804,67236843,1,271
rs3135388,32445274,6,270
rs2010963,43770613,6,270
rs1799853,94942290,10,268
rs8,92779015,7,266
rs4073,73740307,4,265
rs2292832,240456086,2,265
rs1799724,31574705,6,262
rs9277535,33087084,6,261
rs1344706,184913701,2,259
rs20417,186681189,1,259
rs2004640,128938247,7,258
rs6822844,122588266,4,258
rs53576,8762685,3,256
rs12980275,39241143,19,256
rs1799945,26090951,6,255
rs7566605,118078449,2,255
rs1800562,26092913,6,254
rs1057910,94981296,10,254
rs7975232,47845054,12,252
rs864745,28140937,7,252
rs7923837,92722160,10,252
rs699947,43768652,6,251
rs10010131,6291188,4,251
rs334,5227002,11,250
rs12779790,12286011,10,250
rs662,95308134,7,249
rs4588,71752606,4,248
rs3024505,206766559,1,247
rs10889677,67259437,1,247
rs10488631,128954129,7,244
rs1799971,154039662,6,244
rs1004819,67204530,1,244
rs3212227,159315942,5,243
rs328,19962213,8,242
rs12970134,60217517,18,242
rs889312,56736057,5,241
rs6277,113412737,11,241
rs3851179,86157598,11,241
rs2395029,31464003,6,239
rs1447295,127472793,8,238
rs744166,42362183,17,237
rs5015480,92705802,10,235
rs744373,127137039,2,235
rs1143627,112836810,2,234
rs17817449,53779455,16,232
rs4973768,27374522,3,229
rs2294008,142680513,8,229
rs1041981,31573007,6,228
rs1570360,43770093,6,228
rs13281615,127343372,8,227
rs6548238,634905,2,226
rs2231142,88131171,4,226
rs8192284,152693594,1,225
rs4988235,135851076,2,224
rs2228570,47879112,12,223
rs4607103,64726228,3,221
rs25489,43552260,19,220
rs689466,186681619,1,220
rs2395185,32465390,6,219
rs7647305,186116501,3,219
rs2282679,71742666,4,218
rs560887,168906638,2,217
rs2230199,6718376,19,216
rs1799782,43553422,19,216
rs10757274,22096056,9,215
rs1799930,18400593,8,215
rs10877012,57768302,12,212
rs1800796,22726627,7,212
rs3751812,53784548,16,211
rs5215,17387083,11,211
rs13387042,217041109,2,210
rs6511720,11091630,19,209
rs9264942,31306603,6,208
rs4343,63488670,17,208
rs4977574,22098575,9,208
rs10838738,47641497,11,208
rs143383,35438203,20,204
rs12740374,109274968,1,202
rs2187668,32638107,6,202
rs2241766,186853103,3,202
rs2435357,43086608,10,202
rs1495965,67287825,1,201
rs699,230710048,1,200
rs895819,13836478,19,199
rs703842,57768956,12,199
rs10993994,46046326,10,199
rs9930506,53796553,16,199
rs4779584,32702555,15,198
rs1801394,7870860,5,198
rs578776,78596058,15,197
rs1558902,53769662,16,197
rs10735810,46559162,12,197
rs564398,22029548,9,197
rs693,21009323,2,197
rs6313,46895805,13,196
rs4633,19962712,22,195
rs1128503,87550285,7,195
rs505922,133273813,9,194
rs1805087,236885200,1,193
rs1867277,97853632,9,193
rs2070600,32183666,6,191
rs1219648,121586676,10,191
rs5275,186673926,1,191
rs1050828,154536002,X,188
rs3802842,111300984,11,187
rs9934438,31093557,16,187
rs8176719,133257521,9,187
rs1805010,27344882,16,187
rs1800587,112785383,2,187
rs5743708,153705165,4,187
rs909253,31572536,6,186
rs1799793,45364001,19,185
rs6295,63962738,5,183
rs1800470,41353016,19,182
rs2201841,67228519,1,182
rs12203592,396321,6,180
rs5498,10285007,19,180
rs7756992,20679478,6,178
rs485,126320989,7,177
rs2430561,68158742,12,176
rs6311,46897343,13,176
rs1042714,148826910,5,176
rs5186,148742201,3,176
rs4810485,46119308,20,175
rs833061,43769749,6,174
rs10516487,101829919,4,173
rs1343151,67253446,1,172
rs13107325,102267552,4,172
rs4244285,94781859,10,169
rs11209032,67274409,1,168
rs855791,37066896,22,168
rs2230926,137874929,6,168
rs1137101,65592830,1,168
rs12678919,19986711,8,167
rs1470579,185811292,3,167
rs10936599,169774313,3,166
rs1006737,2236129,12,166
rs10468017,58386313,15,166
rs2200733,110789013,4,166
rs1800451,52771466,10,165
rs5848,44352876,17,165
rs174537,61785208,11,165
rs13361189,150843825,5,164
rs16892766,116618444,8,163
rs5443,6845711,12,162
rs5882,56982180,16,162
rs961253,6423634,20,162
rs1056836,38071060,2,161
rs713598,141973545,7,161
rs2943641,226229029,2,161
rs7498665,28871920,16,161
rs405509,44905579,19,161
rs1800471,41352971,19,160
rs11568820,47908762,12,160
rs1387153,92940662,11,159
rs2383206,22115027,9,159
rs1048943,74720644,15,159
rs3817198,1887776,11,159
rs3761847,120927961,9,159
rs1800630,31574699,6,159
rs2076530,32396039,6,158
rs1800775,56961324,16,158
rs12708716,11086016,16,158
rs2815752,72346757,1,157
rs1042725,65964567,12,157
rs11,11324574,7,156
rs1076560,113412966,11,155
rs660895,32609603,6,155
rs10046,51210789,15,155
rs659366,73983709,11,154
rs1800734,36993455,3,154
rs7138803,49853685,12,153
rs4818,19963684,22,153
rs6920220,137685367,6,152
rs3736228,68433827,11,152
rs708272,56962376,16,152
rs1130409,20456995,14,152
rs11594656,6080046,10,151
rs3818361,207611623,1,151
rs4506565,112996282,10,150
rs1799977,37012077,3,150
rs3804100,153704257,4,150
rs4994,37966280,8,149
rs8103142,39244466,19,149
rs1271572,64295199,14,149
rs10941679,44706396,5,149
rs1800566,69711242,16,149
rs4570625,71938143,12,148
rs266729,186841685,3,148
rs800292,196673103,1,148
rs12785878,71456403,11,147
rs2569190,140633331,5,147
rs29941,33818627,19,147
rs16901979,127112671,8,147
rs2383207,22115960,9,146
rs653178,111569952,12,146
rs1799864,46357717,3,145
rs1333040,22083405,9,145
rs10795668,8659256,10,145
rs1799931,18400860,8,145
rs402710,1320607,5,145
rs2274223,94306584,10,144
rs6025,169549811,1,144
rs1042602,89178528,11,144
rs861539,103699416,14,144
rs4607517,44196069,7,143
rs763361,69864406,18,143
rs1805007,89919709,16,143
rs2254298,8760542,3,143
rs1051740,225831932,1,143
rs1501299,186853334,3,143
rs6505162,30117165,17,142
rs3798220,160540105,6,142
rs2230912,121184393,12,142
rs6013897,54125940,20,142
rs1535,61830500,11,142
rs5743618,38797027,4,141
rs1360780,35639794,6,141
rs2031920,133526341,10,141
rs12,11297537,7,140
rs439401,44911194,19,139
rs4986938,64233098,14,139
rs1049353,88143916,6,139
rs601338,48703417,19,139
rs10455872,160589086,6,139
rs6855911,9934286,4,139
rs763110,172658358,1,138
rs3764880,12906707,X,138
rs17576,46011586,20,138
rs16890979,9920543,4,138
rs925946,27645655,11,137
rs1799750,102799764,11,137
rs1800955,636784,11,137
rs1815739,66560624,11,137
rs10758669,4981602,9,137
rs2735839,50861367,19,137
rs2736098,1293971,5,136
rs2306283,21176804,12,136
rs1256049,64257333,14,136
rs1136410,226367601,1,136
rs10489629,67222666,1,135
rs3764650,1046521,19,135
rs1801275,27363079,16,135
rs6457617,32696074,6,135
rs1883025,104902020,9,135
rs1051266,45537880,21,135
rs10484554,31306778,6,135
rs2542151,12779948,18,134
rs2070874,132674018,5,134
rs2631367,132369766,5,134
rs1726866,141972905,7,134
rs6280,114171968,3,134
rs35767,102481791,12,134
rs340874,213985913,1,134
rs1801132,151944387,6,133
rs7294,31091000,16,133
rs2076756,50722970,16,133
rs1800588,58431476,15,133
rs4950928,203186754,1,133
rs9594738,42378009,13,133
rs11206510,55030366,1,132
rs3865444,51224706,19,132
rs13277113,11491677,8,132
rs2424913,32786453,20,132
rs1127354,3213196,20,132
rs965513,97793827,9,132
rs1801157,44372809,10,132
rs1050829,154535277,X,131
rs3197999,49684099,3,131
rs1045485,201284866,2,131
rs1800693,6330843,12,130
rs1050152,132340627,5,130
rs2333227,58281401,17,130
rs4444903,109912954,4,130
rs6232,96416081,5,129
rs10246939,141972804,7,129
rs2275913,52186235,6,129
rs3091244,159714875,1,129
rs2854744,45921476,7,128
rs4444235,53944201,14,128
rs1143679,31265490,16,128
rs356219,89716450,4,128
rs717620,99782821,10,128
rs1799969,10284116,19,127
rs610932,60171834,11,126
rs5918,47283364,17,126
rs762551,74749576,15,126
rs3025058,102845217,11,125
rs9272346,32636595,6,123
rs1801260,55435202,4,123
rs4553808,203866282,2,123
rs11591147,55039974,1,123
rs1800450,52771475,10,122
rs1063192,22003368,9,122
rs14,11341215,7,122
rs20455,39357302,6,121
rs4775041,58382496,15,121
rs10883365,99528007,10,121
rs6679677,113761186,1,120
rs2239704,31572364,6,120
rs3129934,32368410,6,120
rs737865,19942598,22,120
rs2070744,150992991,7,120
rs174550,61804006,11,119
rs324981,34778501,7,119
rs18,11557848,7,119
rs9300039,41893816,11,119
rs4728142,128933913,7,118
rs9960767,55487771,18,118
rs2228480,152098960,6,118
rs688,11116926,19,116
rs2237895,2835964,11,116
rs67333,81353599,16,116
rs1050450,49357401,3,116
rs2287019,45698914,19,116
rs30187,96788627,5,116
rs10994336,60420054,10,116
rs11249433,121538815,1,116
rs1800750,31575186,6,115
rs3804099,153703504,4,115
rs10492972,10293054,1,115
rs1927911,117707776,9,115
rs5030737,52771482,10,115
rs3129882,32441753,6,114
rs10913469,177944384,1,114
rs4833095,38798089,4,114
rs3745274,41006936,19,114
rs7216389,39913696,17,114
rs9271366,32619077,6,114
rs10411210,33041394,19,114
rs9652490,77671545,15,113
rs5742909,203867624,2,113
rs4613763,40392626,5,112
rs1130864,159713301,1,112
rs11708067,123346931,3,112
rs174548,61803876,11,112
rs10065172,150848436,5,112
rs187238,112164265,11,111
rs4804803,7747847,19,111
rs28929474,94378610,14,111
rs944289,36180040,14,111
rs2292239,56088396,12,111
rs2066843,50711288,16,111
rs17401966,10325413,1,111
rs680,2132404,11,111
rs1946518,112164735,11,110
rs126,24919984,7,109
rs1532624,56971567,16,109
rs3093662,31576412,6,109
rs5744168,223111858,1,109
rs17070145,168418786,5,109
rs6677604,196717788,1,108
rs1799990,4699605,20,108
rs165599,19969258,22,108
rs4307059,25967594,5,108
rs7528684,157701026,1,108
rs11171739,56076841,12,107
rs1329428,196733680,1,107
rs10818488,120942809,9,107
rs11196205,113047288,10,106
rs1800407,27985172,15,106
rs3135506,116791691,11,106
rs1393350,89277878,11,105
rs1625579,98037378,1,105
rs7927894,76590272,11,105
rs3834129,201232808,2,105
rs12444979,19922278,16,104
rs987237,50835337,6,104
rs7341475,103764368,7,103
rs1800947,159713648,1,103
rs11615,45420395,19,103
rs187084,52227015,3,103
rs1044396,63349782,20,103
rs12917707,20356368,16,103
rs1800624,32184610,6,103
rs174570,61829740,11,102
rs867186,35176751,20,102
rs657152,133263862,9,102
rs2240340,17336144,1,102
rs1799941,7630105,17,101
rs1410996,196727803,1,101
rs641153,31946403,6,101
rs12807809,124736389,11,101
rs10181656,191105153,2,101
rs7865618,22031006,9,101
rs4977756,22068653,9,100
rs12075,159205564,1,100
rs689,2160994,11,100
rs4986893,94780653,10,100
rs721048,62904596,2,100
rs15,11563305,7,100
rs4919510,100975021,10,99
rs16996148,19547663,19,99
rs7501939,37741165,17,99
rs8176746,133255935,9,99
rs2016520,35411001,6,99
rs6656401,207518704,1,99
rs9642880,127705823,8,99
rs9349407,47485642,6,98
rs10954213,128949373,7,98
rs1024610,34253212,17,98
rs1800440,38070996,2,98
rs1801280,18400344,8,98
rs6929137,151615542,6,98
rs2043211,48234449,19,98
rs10045431,159387525,5,98
rs12696304,169763483,3,98
rs8042680,90978107,15,98
rs1805794,89978251,8,97
rs4958847,150860025,5,97
rs12143842,162064100,1,97
rs12914385,78606381,15,97
rs25648,43771240,6,97
rs10761659,62685804,10,97
rs3802177,117172786,8,97
rs7270101,3213247,20,97
rs4129267,154453788,1,97
rs2234922,225838705,1,96
rs4963128,589564,11,96
rs12896399,92307319,14,96
rs2301436,167024500,6,96
rs4293393,20353266,16,96
rs1884444,67168129,1,96
rs4917014,50266267,7,95
rs1805081,23560468,18,95
rs1738074,159044945,6,95
rs2000999,72074194,16,95
rs9399137,135097880,6,95
rs2060793,14893764,11,95
rs733618,203866221,2,95
rs2230806,104858586,9,95
rs11605924,45851540,11,95
rs4646,51210647,15,94
rs2237897,2837316,11,94
rs660339,73978059,11,94
rs2066713,30224647,17,94
rs9472138,43844025,6,94
rs3890182,104885374,9,94
rs2234767,88989499,10,94
rs6687758,221991606,1,94
rs3020314,151949537,6,94
rs7931342,69227030,11,93
rs11549465,61740839,14,93
rs6166,48962782,2,93
rs268,19956018,8,93
rs3856806,12434058,3,93
rs6152,67545785,X,93
rs1801725,122284910,3,93
rs6908425,20728500,6,93
rs7561528,127132061,2,93
rs6887695,159395637,5,92
rs6235,96393194,5,92
rs17231520,56961915,16,92
rs2149356,117711921,9,92
rs10494366,162115895,1,92
rs2231137,88139962,4,92
rs1048661,73927205,15,91
rs16906252,129467281,10,91
rs1105879,233693556,2,91
rs4938723,111511840,11,91
rs1531343,65781114,12,91
rs2205960,173222336,1,91
rs10088218,128531703,8,91
rs391300,2312964,17,91
rs2077647,151807942,6,90
rs12953717,48927559,18,90
rs2251746,159302270,1,90
rs7759938,104931079,6,90
rs1569686,32779273,20,90
rs7442295,9964756,4,90
rs2071746,35380679,22,90
rs10505477,127395198,8,90
rs4586,34256250,17,90
rs3763313,32408694,6,90
rs1042636,122284922,3,90
rs10774671,112919388,12,90
rs173539,56954132,16,90
rs1061622,12192898,1,89
rs1800849,74009120,11,89
rs1805008,89919736,16,89
rs17602729,114693436,1,89
rs1800858,43100520,10,89
rs887829,233759924,2,89
rs501120,44258419,10,89
rs3827760,108897145,2,89
rs2660753,87061524,3,89
rs9929218,68787043,16,88
rs10146997,79478819,14,88
rs642961,209815925,1,88
rs2596542,31398818,6,88
rs1803274,165773492,3,88
rs1000113,150860514,5,88
rs1137100,65570758,1,88
rs2229616,60372043,18,88
rs224136,62710915,10,88
rs2867125,622827,2,88
rs4464148,48932662,18,88
rs2069762,122456825,4,88
rs6859219,56142753,5,88
rs4673,88646828,16,87
rs2872507,39884510,17,87
rs12425791,674318,12,87
rs11868035,17811787,17,87
rs1999805,151747229,6,87
rs5400,171014511,3,87
rs2295080,11262571,1,87
rs6812193,76277833,4,87
rs2383208,22132077,9,87
rs2273697,99804058,10,87
rs3775291,186082920,4,87
rs1042838,101062681,11,87
rs7582694,191105394,2,87
rs3211938,80671133,7,87
rs700519,51215771,15,87
rs17145738,73568544,7,87
rs2280788,35880401,17,86
rs10876864,56007301,12,86
rs11634397,80139880,15,86
rs17300539,186841671,3,86
rs10759932,117702866,9,86
rs339331,116888889,6,86
rs5751876,24441333,22,86
rs238406,45365051,19,86
rs1800067,13935176,16,86
rs4415084,44662413,5,86
rs3218536,152648922,7,86
rs1456893,50230076,7,86
rs6010620,63678486,20,86
rs2305480,39905943,17,86
rs1512268,23668950,8,85
rs10401969,19296909,19,85
rs6314,46834899,13,85
rs8177374,126292948,11,85
rs2273535,56386485,20,84
rs174575,61834531,11,84
rs29,11556150,7,84
rs2228671,11100236,19,84
rs3813867,133526101,10,84
rs4939883,49640844,18,84
rs17465637,222650187,1,84
rs2107425,1999845,11,84
rs4532,175443147,5,84
rs11178997,71938373,12,84
rs11881222,39244283,19,83
rs698,99339632,4,83
rs1693482,99342808,4,83
rs5945326,153634467,X,83
rs1883832,46118343,20,83
rs713041,1106616,19,83
rs1799963,46739505,11,83
rs243865,55477894,16,83
rs2241879,233274822,2,83
rs2522833,82824392,7,83
rs2228145,154454494,1,82
rs1049296,133775510,3,82
rs3849942,27543283,9,82
rs6994992,31638065,8,82
rs1611115,133635393,9,82
rs4072037,155192276,1,82
rs6269,19962429,22,82
rs2229094,31572779,6,82
rs5759167,43104206,22,81
rs719725,6365683,9,81
rs2280714,128954671,7,81
rs334558,120094435,3,81
rs8192678,23814039,4,81
rs1799752,63488529,17,81
rs6259,7633209,17,81
rs7837688,127527115,8,81
rs17238540,75359673,5,81
rs1801278,226795828,2,81
rs1800683,31572294,6,81
rs1746048,44280376,10,81
rs569108,60095631,11,81
rs17388568,122408207,4,81
rs2420946,121591810,10,81
rs4925386,62345988,20,80
rs3846662,75355259,5,80
rs3834458,61827448,11,80
rs1012053,42079301,13,80
rs2710102,147877298,7,80
rs2391191,105467097,13,80
rs242557,45942346,17,80
rs1667394,28285036,15,80
rs1801516,108304735,11,80
rs613872,55543071,18,80
rs6602024,3113045,10,80
rs182549,135859184,2,79
rs1042173,30197993,17,79
rs916977,28268218,15,79
rs4684677,10286769,3,79
rs2302685,12148964,12,79
rs571312,60172536,18,79
rs1859962,71112612,17,78
rs11084753,33831232,19,78
rs1165205,25870314,6,78
rs352140,52222681,3,78
rs2981578,121580797,10,78
rs3918242,46007337,20,78
rs290487,113149972,10,78
rs1052553,45996523,17,78
rs7794745,146792514,7,78
rs1799883,119320747,4,78
rs4704397,77222617,5,78
rs821616,232008852,1,78
rs11887534,43839108,2,78
rs440446,44905910,19,78
rs4820268,37073551,22,78
rs2981579,121577821,10,77
rs1893217,12809341,18,77
rs620861,127323428,8,77
rs16260,68737131,16,77
rs10486567,27936944,7,77
rs3131379,31753256,6,77
rs2144300,230159169,1,77
rs445925,44912383,19,77
rs8050894,31093188,16,77
rs258322,89689495,16,77
rs2735940,1296371,5,77
rs3761548,49261784,X,77
rs11077,43523209,6,77
rs86,25660666,7,77
rs610604,137878280,6,77
rs17561,112779646,2,77
rs3821236,191038032,2,77
rs2948694,172447373,3,76
rs2236225,64442127,14,76
rs9621532,31414511,22,76
rs3789243,87591570,7,76
rs6932590,27281152,6,76
rs1892534,65640261,1,76
rs7799039,128238730,7,76
rs900400,157080986,3,76
rs7495174,28099092,15,76
rs3814113,16915023,9,76
rs419598,113129630,2,76
rs1858830,116672385,7,76
rs17251221,122274400,3,76
rs3789604,113812320,1,76
rs2472297,74735539,15,76
rs734553,9921380,4,76
rs16147,24283791,7,76
rs872071,411064,6,76
rs7305115,71979082,12,76
rs6214,102399791,12,76
rs10499194,137681500,6,75
rs2000,173488695,1,75
rs61764370,25207290,12,75
rs5888,124800202,12,75
rs10946398,20660803,6,75
rs3213619,87600877,7,75
rs380390,196731921,1,75
rs4149601,58149559,18,75
rs725613,11075826,16,75
rs4606,192812042,1,75
rs17319721,76447694,4,75
rs26722,33963765,5,75
rs3087456,10877045,16,75
rs2986017,103458495,10,75
rs7096206,52771925,10,74
rs10096633,19973410,8,74
rs2107538,35880776,17,74
rs1011970,22062135,9,74
rs10086908,126999692,8,74
rs9332739,31936027,6,74
rs28493229,40718299,19,74
rs17696736,112049014,12,74
rs2227306,73741338,4,74
rs729302,128928906,7,74
rs10767664,27704439,0,74
rs763780,52236941,6,74
rs459552,112841059,5,74
rs2359612,31092475,16,73
rs492602,48703160,19,73
rs2373115,78380104,11,73
rs17580,94380925,14,73
rs2232165,172448354,3,73
rs17234657,40401407,5,73
rs11889341,191079016,2,73
rs231362,2670241,11,73
rs4362,63496400,17,73
rs622342,160151834,6,73
rs10889353,62652525,1,73
rs6000,197050728,1,73
rs2107301,47861787,12,73
rs651821,116791863,11,73
rs710521,189928144,3,72
rs3212986,45409478,19,72
rs1571801,121665094,9,72
rs1800255,188999354,2,72
rs356220,89720189,4,72
rs7127900,2212344,11,71
rs10036748,151078585,5,71
rs3738401,231694549,1,71
rs1130233,104773557,14,71
rs6445975,58384450,3,71
rs7775228,32690302,6,71
rs1799732,113475529,11,71
rs10210302,233250193,2,71
rs351855,177093242,5,71
rs6060369,35319358,20,71
rs2167270,128241296,7,70
rs7598440,211928473,2,70
rs2740574,99784473,7,70
rs4149584,6333477,12,70
rs6495309,78622903,15,70
rs706778,6056986,10,70
rs242941,45815154,17,70
rs7003908,47858141,8,70
rs1044498,131851228,6,70
rs4961,2904980,4,69
rs11833579,666033,12,69
rs10503669,19990179,8,69
rs7124442,27655494,11,69
rs5128,116832924,11,69
rs9469220,32690533,6,69
rs2271293,67868167,16,69
rs7997012,46837850,13,69
rs6267,19962740,22,69
rs10995190,62518923,10,69
rs3740066,99844450,10,68
rs17822931,48224287,16,68
rs6590330,128441164,11,68
rs7850258,97786731,9,68
rs2297518,27769571,17,68
rs4245739,204549714,1,67
rs2069840,22728953,7,67
rs1800860,43111239,10,67
rs27072,1394407,5,67
rs743777,37155567,22,67
rs10947262,32405535,6,67
rs5770917,50578924,22,67
rs4962416,125008303,10,66
rs1412829,22043927,9,66
rs11747270,150879305,5,66
rs4148323,233760498,2,66
rs17228212,67166301,15,65
rs498872,118606652,11,65
rs5370,12296022,6,65
rs138213197,48728343,17,65
rs4320932,2150371,11,65
rs9397435,151630085,6,65
rs10968576,28414341,9,64
rs3217992,22003224,9,64
rs7294919,116889787,12,64
rs1800972,6877901,8,64
rs4938933,60266956,11,64
rs1000,32186118,6,64
rs917997,102454108,2,64
rs1303,94378506,14,64
rs1800625,32184665,6,64
rs1573496,99428512,4,64
rs17655,102875652,13,63
rs11767557,143412046,7,63
rs11362,6877877,8,63
rs10033464,110799605,4,63
rs6441961,46310893,3,63
rs1138272,67586108,11,63
rs7853989,133256205,9,63
rs2069727,68154443,12,63
rs3093077,159709846,1,63
rs16754,32396399,11,63
rs5361,169731919,1,63
rs1799998,142918184,8,63
rs4242382,127505328,8,63
rs507666,133273983,9,62
rs12150220,5582047,17,62
rs16910526,10118488,12,62
rs6903608,32460508,6,62
rs10012,38075247,2,62
rs17878362,7520369,17,62
rs33996649,113852067,1,62
rs10423928,45679046,19,62
rs8106922,44898409,19,62
rs1552224,72722053,11,62
rs3135391,32443210,6,62
rs2853669,1295234,5,61
rs5068,11845917,1,61
rs1953126,120878222,9,61
rs2075291,116790676,11,61
rs679620,102842889,11,61
rs11805303,67209833,1,61
rs10865331,62324337,2,60
rs12608932,17641880,19,60
rs1816071,161332949,5,60
rs12662670,151597721,6,60
rs17563,53950804,14,60
rs2069763,122456327,4,60
rs26279,80873118,5,60
rs3792267,240591757,2,60
rs3811647,133765185,3,60
rs3213787,45419685,2,60
rs1816072,161332649,5,60
rs2283228,2828300,11,60
rs7136702,50486433,12,60
rs5883,56973441,16,59
rs2568958,72299433,1,59
rs1793004,20677383,11,59
rs17221417,50705671,16,59
rs12413409,102959339,10,59
rs13119723,122297158,4,59
rs11246226,641191,11,59
rs1038304,151612040,6,59
rs3130340,32276850,6,59
rs464049,1423790,5,59
rs3890745,2622185,1,59
rs2227564,73913343,10,58
rs1234315,173209324,1,58
rs102275,61790331,11,58
rs2290400,39909987,17,58
rs769449,44906745,19,58
rs3117582,31652743,6,58
rs10868366,86085145,9,58
rs8179183,65848540,1,58
rs2070197,128948946,7,58
rs92,24405627,7,57
rs4762,230710231,1,57
rs2908004,121329715,7,57
rs743572,102837395,10,57
rs2066842,50710713,16,57
rs966221,60206693,5,57
rs999737,68567965,14,57
rs2070672,133527044,10,57
rs1154155,22533736,14,57
rs1805388,108211243,13,57
rs4696480,153685974,4,57
rs9465871,20717024,6,57
rs987525,128933908,8,56
rs11571833,32398489,13,56
rs2273773,67906841,10,56
rs3131296,32205216,6,56
rs1126809,89284793,11,56
rs2494732,104772855,14,56
rs9858542,49664550,3,56
rs9536314,33054001,13,56
rs12248560,94761900,10,56
rs204999,32142202,6,56
rs225014,80203237,14,56
rs1465618,43326810,2,56
rs11549467,61740857,14,56
rs2488457,113872746,1,56
rs110402,45802681,17,56
rs12653946,1895715,5,56
rs11071657,62141763,15,56
rs2229992,112827157,5,56
rs1800532,18026269,11,55
rs2546890,159332892,5,55
rs34778348,40363526,12,55
rs1018381,15656839,6,55
rs669,9079672,12,55
rs1208,18400806,8,55
rs1801028,113412762,11,55
rs2605100,219470882,1,55
rs1870377,55106807,4,55
rs1265181,31188008,6,55
rs6604026,92838046,1,55
rs9268853,32461866,6,55
rs12654264,75352778,5,55
rs12593813,67744514,15,55
rs206936,34335092,6,55
rs896854,94948283,8,54
rs17445836,85984057,16,54
rs865686,108126198,9,54
rs1295686,132660151,5,54
rs5743293,50729867,16,54
rs757210,37736525,17,54
rs2000813,49567494,18,54
rs1801279,18400194,8,54
rs4291,63476833,17,54
rs12948217,3494408,17,54
rs3743205,55498332,15,54
rs27044,96783148,5,54
rs1050171,55181370,7,54
rs13376333,154841877,1,54
rs10895068,101129483,11,54
rs705379,95324583,7,54
rs1014290,10000237,4,54
rs1800012,50200388,17,54
rs4821480,36299201,22,54
rs762421,44195678,21,54
rs11515,21968200,9,54
rs7679673,105140377,4,53
rs572169,172447937,3,53
rs2227631,101126257,7,53
rs10896449,69227200,11,53
rs3813929,114584047,X,53
rs495225,172448243,3,53
rs2236196,63346204,20,53
rs2072590,176177905,2,53
rs2235371,209790735,1,53
rs1805009,89920138,16,53
rs6564851,81230992,16,53
rs1015362,34150806,20,53
rs1800861,43118395,10,53
rs5743815,38828194,4,53
rs1160312,22069865,20,53
rs1061147,196685194,1,53
rs543874,177920345,1,53
rs505151,55063514,1,53
rs6074022,46111557,20,53
rs7851696,134887245,9,53
rs35337543,162279995,2,53
rs9275572,32711222,6,53
rs7014346,127412547,8,52
rs2241423,67794500,15,52
rs874040,26106575,4,52
rs603965,69172091,11,52
rs1126643,53051539,5,52
rs34637584,40340400,12,52
rs3892097,42128945,22,52
rs247617,56956804,16,52
rs9282541,104858554,9,52
rs307377,1334174,1,52
rs33950507,5226943,11,52
rs3132468,31507709,6,52
rs1532268,7878066,5,52
rs2745557,186680089,1,52
rs144848,32332592,13,52
rs6449213,9992591,4,52
rs235756,6786464,20,52
rs4953023,43846861,2,52
rs3732379,39265765,3,52
rs7944584,47314769,11,52
rs1799768,101126425,7,52
rs179008,12885540,X,51
rs680244,78578946,15,51
rs41295061,6072697,10,51
rs3842787,122371228,9,51
rs5743704,153704799,4,51
rs2259816,120997784,12,51
rs2641348,119895261,1,51
rs2304256,10364976,19,51
rs1495741,18415371,8,51
rs9479055,151526832,6,51
rs17860508,159333191,5,51
rs5030868,154534419,X,51
rs1065852,42130692,22,51
rs3101336,72285502,1,51
rs9273363,32658495,6,51
rs602662,48703728,19,51
rs9270986,32606283,6,51
rs17236239,147885213,7,51
rs930557,6444662,8,51
rs11466024,3249468,16,51
rs2884737,31094233,16,51
rs3737787,161039733,1,51
rs6922269,150931849,6,50
rs17321515,125474167,8,50
rs5491,10274864,19,50
rs2464196,120997624,12,50
rs2300478,66554321,2,50
rs10201872,230242009,2,50
rs5051,230714126,1,50
rs6830062,18016107,4,50
rs430397,125238840,9,50
rs1979277,18328782,17,50
rs9364554,160412632,6,50
rs4934,94614466,14,50
rs2736340,11486464,8,50
rs1049550,80166946,10,50
rs769450,44907187,19,50
rs1800414,27951891,15,50
rs234706,43065240,21,50
rs9939973,53766656,16,50
rs16139,24285260,7,50
rs10380,7897078,5,50
rs2242480,99763843,7,50
rs1048990,35292469,14,50
rs4290270,72022455,12,50
rs4251961,113116890,2,50
rs4353,63493061,17,50
rs13315591,58571114,3,50
rs12621278,172446825,2,49
rs1760944,20454990,14,49
rs1898830,153687301,4,49
rs6318,114731326,X,49
rs10033900,109737911,4,49
rs477515,32601914,6,49
rs2854746,45921046,7,49
rs2230500,61457521,14,49
rs4516035,47906043,12,49
rs755622,23894205,22,49
rs40,11548657,7,49
rs11554137,208248468,2,49
rs9888739,31301932,16,49
rs908867,27724217,11,49
rs2274333,8957145,1,49
rs1016343,127081052,8,49
rs700518,51236915,15,49
rs7076156,62655424,10,49
rs11635424,67745240,15,49
rs13078807,85835000,3,49
rs6258,7631360,17,49
rs2069718,68156382,12,49
rs11045819,21176879,12,49
rs9722,46599326,21,49
rs3754777,168159404,2,49
rs2293347,55201223,7,49
rs1701704,56018703,12,49
rs1625895,7674797,17,49
rs1800764,63473168,17,49
rs2180439,21872462,20,49
rs2070673,133527063,10,49
rs1800449,122077513,5,49
rs2549782,96895296,5,49
rs7372209,37969217,3,49
rs1800890,206776020,1,49
rs2228000,14158387,3,49
rs1456315,127091692,8,49
rs3813034,30197786,17,49
rs11191548,103086421,10,49
rs12191877,31285148,6,49
rs3194051,35876172,5,49
rs8170,17278895,19,48
rs1927914,117702447,9,48
rs6742078,233763993,2,48
rs5985,6318562,6,48
rs2070895,58431740,15,48
rs5522,148436323,4,48
rs3924999,32595840,8,48
rs6795735,64719689,3,48
rs3790844,200038304,1,48
rs2075555,50196930,17,48
rs766432,60492835,2,48
rs1130866,85666618,2,48
rs17231506,56960616,16,48
rs2811712,21998036,9,48
rs4785763,90000528,16,48
rs2023239,88150763,6,48
rs3740996,5680051,11,48
rs695871,111599196,12,48
rs13003464,60959694,2,48
rs35391,33955568,5,48
rs1329149,133536297,10,48
rs2794520,159709026,1,48
rs1946519,112164784,11,48
rs2266788,116789970,11,48
rs6691170,221872104,1,47
rs1569723,46113425,20,47
rs283413,99347033,4,47
rs1801018,63318646,18,47
rs12951053,7674089,17,47
rs2304130,19678719,19,47
rs2665390,156679960,3,47
rs2856718,32702478,6,47
rs1805015,27362859,16,47
rs3118470,6059750,10,47
rs4959039,29989292,6,47
rs1800961,44413724,20,47
rs4917,186619924,3,47
rs1800797,22726602,7,47
rs34330,12717761,12,47
rs2227983,55161562,7,47
rs8065080,3577153,17,47
rs7454108,32713706,6,47
rs1800460,18138997,6,47
rs1053878,133256264,9,47
rs7664413,176687553,4,47
rs7679,45947863,20,47
rs12044852,116545157,1,47
rs676210,21008652,2,47
rs573225,168901031,2,47
rs3740065,99845936,10,47
rs2854116,116829453,11,47
rs806368,88140381,6,47
rs7101429,78281921,11,47
rs754203,99691630,14,47
rs4537545,154446403,1,47
rs2066853,17339486,7,47
rs6465657,98187015,7,46
rs6275,113412755,11,46
rs3764147,43883789,13,46
rs4112788,152578800,1,46
rs13333226,20354332,16,46
rs2511989,57610852,11,46
rs31489,1342599,5,46
rs199533,46751565,17,46
rs7593730,160314943,2,46
rs2295490,388261,20,46
rs6495308,78615314,15,46
rs285,19957678,8,46
rs13347,35231725,11,46
rs4344,63489363,17,46
rs2069827,22725837,7,46
rs6323,43731789,X,46
rs35753505,31616625,8,46
rs1799999,113878379,7,46
rs7538876,17395867,1,46
rs10903129,25442446,1,46
rs12821256,88934558,12,46
rs3732378,39265671,3,46
rs6165,48963902,2,46
rs9989419,56951227,16,46
rs709932,94382864,14,46
rs2736990,89757390,4,46
rs5030952,240603286,2,46
rs7776725,121393067,7,46
rs493258,58395681,15,45
rs9272105,32632222,6,45
rs4656461,165717968,1,45
rs1954787,120792654,11,45
rs2238135,47884407,12,45
rs6583817,92487490,10,45
rs2707466,121339035,7,45
rs17824933,60993140,11,45
rs325,19961817,8,45
rs3743930,3254626,16,45
rs13702,19966981,8,45
rs187269,161329618,5,45
rs6198,143278056,5,45
rs1142345,18130687,6,45
rs12190287,133893387,6,45
rs1042778,8752859,3,45
rs420259,23622705,16,45
rs1800057,108272729,11,45
rs1495377,71183321,12,45
rs760761,15650901,6,45
rs2143340,24658843,6,45
rs707284,211974321,2,45
rs2943634,226203364,2,45
rs198977,50878521,19,45
rs2572886,142821739,8,45
rs2280090,3669558,20,45
rs16991615,5967581,20,45
rs13357391,137105393,5,45
rs2816316,192567683,1,44
rs7530511,67219704,1,44
rs72689236,185570553,4,44
rs1122608,11052925,19,44
rs8040868,78618839,15,44
rs6498169,11155472,16,44
rs579459,133278724,9,44
rs799917,43092919,17,44
rs33930165,5227003,11,44
rs1545620,17192965,19,44
rs1248696,77856847,10,44
rs4363,63497131,17,44
rs1799988,46370768,3,44
rs1799836,43768752,X,44
rs2040410,32634921,6,44
rs880633,203183673,1,44
rs140701,30211514,17,44
rs7579,42800706,5,44
rs1394371,78432127,15,44
rs9904341,78214286,17,44
rs17810546,159947262,3,44
rs231779,203869764,2,44
rs5030656,42128173,22,44
rs10934853,128319530,3,44
rs314276,104960124,6,44
rs33949390,40320043,12,44
rs9273349,32658092,6,44
rs7193144,53776774,16,44
rs1537415,135637876,9,44
rs4355801,118911634,8,44
rs478582,12835977,18,44
rs324420,46405089,1,43
rs1801270,36684194,6,43
rs2836878,39093608,21,43
rs5065,11846011,1,43
rs1862513,7668907,19,43
rs13207033,137644281,6,43
rs10771399,28002147,12,43
rs13151961,122194347,4,43
rs1799929,18400484,8,43
rs6746030,166242648,2,43
rs4730751,116540796,7,43
rs2230739,3983435,16,43
rs1806201,13564574,12,43
rs2794521,159715306,1,43
rs2820037,239273242,1,43
rs2981745,122560678,10,43
rs1800401,28014907,15,43
rs6675281,231818355,1,43
rs6234,96393270,5,43
rs763317,55027504,7,43
rs4870044,151580274,6,42
rs12500426,94593458,4,42
rs261332,58435126,15,42
rs7395662,48497341,11,42
rs4151667,31946247,6,42
rs6136,169594713,1,42
rs3825932,78943104,15,42
rs4311,63483402,17,42
rs1051690,7116952,19,42
rs394581,159061489,6,42
rs7210100,49359387,17,42
rs2523393,29737882,6,42
rs1464510,188394766,3,42
rs5743551,38806033,4,42
rs3869062,29967114,6,42
rs3798577,152099995,6,42
rs3093023,167120802,6,42
rs12150660,7618597,17,42
rs4054823,13721707,17,42
rs11045585,20892760,12,42
rs314277,104959787,6,42
rs1799852,133756878,3,42
rs6544713,43846742,2,42
rs3024490,206771966,1,42
rs6749447,168184876,2,42
rs907715,122613898,4,42
rs7529229,154448302,1,42
rs1800790,154562556,4,42
rs4646312,19960814,22,42
rs9315204,33119700,13,42
rs7911488,103394332,10,42
rs2834167,33268483,21,42
rs2272382,8089993,11,42
rs1434536,95154814,4,42
rs72550870,11046609,1,42
rs400,9605945,5,41
rs2233678,9834503,19,41
rs12722489,6060049,10,41
rs3088440,21968160,9,41
rs569207,78580777,15,41
rs1491942,40227006,12,41
rs4236601,116522675,7,41
rs4565946,71942989,12,41
rs2242446,55656513,16,41
rs4774,10906991,16,41
rs9651118,11802157,1,41
rs5174,53247055,1,41
rs9402571,134167822,6,41
rs9874,101271199,15,41
rs2305767,17183487,19,41
rs6795970,38725184,3,41
rs182052,186842993,3,41
rs2268388,109205840,12,41
rs2070959,233693545,2,41
rs167771,114157428,3,41
rs2090409,106204807,9,41
rs2071559,55126199,4,41
rs1554973,117718534,9,41
rs1878672,206770368,1,41
rs5984894,92138738,X,41
rs6725887,202881162,2,41
rs3865418,58336932,18,40
rs2305948,55113391,4,40
rs471364,15289580,9,40
rs7499892,56972678,16,40
rs10069690,1279675,5,40
rs10852521,53771053,16,40
rs13278062,23225458,8,40
rs12526453,12927312,6,40
rs41303343,99652770,7,40
rs9282861,28606193,16,40
rs4911414,34141638,20,40
rs7787082,87527735,7,40
rs11190140,99531836,10,40
rs10885122,111282335,10,40
rs1129038,28111713,15,40
rs150,24971033,7,40
rs3812718,166053034,2,40
rs805305,31729610,6,40
rs9804190,60080073,10,40
rs8179673,191104615,2,40
rs2251375,1998266,11,40
rs1799950,43094464,17,40
rs2534636,2789135,Y,40
rs34536443,10352442,19,40
rs987870,33075103,6,40
rs5743810,38828729,4,40
rs1042034,21002409,2,40
rs2899472,51223858,15,40
rs1801020,177409531,5,40
rs1126616,87982701,4,40
rs7326018,89713668,13,40
rs10835638,30230805,11,40
rs6058017,34269192,20,40
rs2243248,132672952,5,40
rs2191349,15024684,7,40
rs2252586,54911231,7,40
rs3788853,129736814,X,39
rs12603825,1770111,17,39
rs12340895,5076691,9,39
rs6465084,86774159,7,39
rs9298506,54524964,8,39
rs4988321,68406721,11,39
rs3814570,112948751,10,39
rs1799987,46370444,3,39
rs1876828,45834159,17,39
rs2156552,49655298,18,39
rs6756629,43837951,2,39
rs10871777,60184530,18,39
rs2233409,35405064,14,39
rs356165,89725735,4,39
rs1026732,67802747,15,39
rs500760,101039260,11,39
rs1864163,56963321,16,39
rs910873,34583968,20,39
rs28777,33958854,5,39
rs4783961,56960982,16,39
rs17435,154046529,X,39
rs12794714,14892029,11,39
rs16947,42127941,22,39
rs9891119,42355962,17,39
rs7183877,28120587,15,39
rs713586,24935139,2,39
rs2987983,64296935,14,39
rs3212236,24648227,6,39
rs2619522,15653418,6,39
rs2235015,87570248,7,39
rs6499640,53735765,16,39
rs17584499,8879118,9,39
rs12720071,88141462,6,39
rs11558471,117173494,8,39
rs419788,31961022,6,39
rs2303790,56983380,16,39
rs1734791,154065469,X,39
rs522616,102844317,11,38
rs3793784,49539493,10,38
rs673548,21014672,2,38
rs208294,121162450,12,38
rs4945261,78279214,11,38
rs2066808,56344189,12,38
rs2279343,41009358,19,38
rs2228603,19219115,19,38
rs2165241,73929861,15,38
rs3740878,44236252,11,38
rs11523871,122570194,10,38
rs4968451,61849946,17,38
rs547154,31943161,6,38
rs1136287,1769982,17,38
rs2043556,51299646,10,38
rs12364283,113476233,11,38
rs2289252,186286227,4,38
rs988748,27703198,11,38
rs4950,42697490,8,38
rs2228001,14145949,3,38
rs1420101,102341256,2,38
rs545854,10002570,8,38
rs3733591,9920506,4,38
rs12272004,116733008,11,38
rs10838524,45848626,11,38
rs16847548,162065484,1,38
rs17611,121006922,9,38
rs3731239,21974219,9,38
rs25,11544515,7,38
rs12720067,87540040,7,38
rs9951307,26850565,18,37
rs6910071,32315077,6,37
rs1801198,30615623,22,37
rs3025033,43783338,6,37
rs237025,149400554,6,37
rs28997576,214752454,2,37
rs17672135,240282296,1,37
rs10090154,127519892,8,37
rs761100,24632414,6,37
rs4489954,67779737,15,37
rs10260404,154513713,7,37
rs2535629,52799203,3,37
rs2002555,53423453,12,37
rs6968865,17247645,0,37
rs1800888,148827322,5,37
rs1711437,102594495,11,37
rs509749,160823770,1,37
rs4481887,248333561,1,37
rs2479106,123762933,9,37
rs3749034,170816965,2,37
rs734312,6301627,4,37
rs495828,133279294,9,37
rs17021918,94641726,4,36
rs3758549,102244438,10,36
rs4648317,113460810,11,36
rs3758653,636399,11,36
rs2854117,116829426,11,36
rs3742330,95087025,14,36
rs4263839,114804160,9,36
rs450046,18913491,22,36
rs5082,161223893,1,36
rs2036914,186271327,4,36
rs17036314,12335246,3,36
rs26802,10290681,3,36
rs2240308,65558473,17,36
rs7951,6681980,19,36
rs11187870,94328109,10,36
rs11065987,111634620,12,36
rs21,11557307,7,36
rs518147,114584109,X,36
rs881858,43838872,6,36
rs326,19961928,8,36
rs6647,94381078,14,36
rs6495446,79862640,15,36
rs4418214,31423624,6,36
rs4363657,21215788,12,36
rs1424233,79648854,16,36
rs1734792,154075609,X,36
rs2288831,159323005,5,36
rs266849,50845834,19,36
rs486907,182585422,1,36
rs2855658,38069747,2,36
rs5750250,36312438,22,36
rs4986852,43092412,17,36
rs6457327,31106253,6,36
rs12273363,27723312,11,36
rs189037,108223106,11,36
rs2515641,133537858,10,36
rs694066,68685517,11,36
rs2975033,29854484,6,36
rs10264272,99665212,7,36
rs1805386,108209565,13,36
rs4295627,129673211,8,36
rs3766379,160837925,1,35
rs1801272,40848628,19,35
rs10958409,54414531,8,35
rs10168266,191071078,2,35
rs2302009,75769680,7,35
rs1080985,42132375,22,35
rs183130,56957451,16,35
rs1948,78625057,15,35
rs7019241,86078545,9,35
rs34502690,5225656,11,35
rs11986220,127519444,8,35
rs1802710,100734308,14,35
rs2967605,8404854,19,35
rs4324798,28808340,6,35
rs12418451,69167951,11,35
rs5030865,42129033,22,35
rs8042374,78615690,15,35
rs2300747,116561593,1,35
rs3768716,214771070,2,35
rs3774426,53524975,3,35
rs4846049,11790308,1,35
rs421016,155235252,1,35
rs34489327,663451,18,35
rs4778138,28090674,15,35
rs699517,673016,18,35
rs17632542,50858501,19,35
rs1010,85581859,2,35
rs726601,121610698,11,35
rs562338,21065449,2,35
rs1545843,84170289,12,35
rs908832,137018032,9,35
rs438034,214657274,1,35
rs1004467,102834750,10,35
rs11260867,16115233,1,35
rs10195252,164656581,2,35
rs6700125,59237125,1,35
rs8028689,28243742,15,35
rs10513025,9623510,5,35
rs793862,24206972,6,35
rs7539542,202940846,1,34
rs324650,137008914,7,34
rs1532085,58391167,15,34
rs1468412,86804135,7,34
rs3816873,99583507,4,34
rs1801252,114044277,10,34
rs778293,105516850,13,34
rs198358,11844019,1,34
rs491603,36066715,1,34
rs562556,55058564,1,34
rs936306,51287401,15,34
rs9357271,38398097,6,34
rs10838525,5679771,11,34
rs4077515,136372044,9,34
rs6478108,114796423,9,34
rs5945619,51498820,X,34
rs1327328,89750579,13,34
rs12936511,45807036,17,34
rs1538979,231761122,1,34
rs496892,22024352,9,34
rs175174,20140031,22,34
rs9938149,88298034,16,34
rs883125,203177038,1,34
rs357564,95447312,9,34
rs9271100,32608701,6,34
rs13180,78497146,15,34
rs4654748,21459575,1,34
rs1800547,45974480,17,34
rs7202877,75213347,16,34
rs4646536,57764205,12,34
rs3126085,152328341,1,34
rs2069812,132544224,5,34
rs314253,7188331,17,34
rs768983,6950250,Y,34
rs6918698,131952117,6,34
rs3093030,10286727,19,34
rs17587,32857313,6,34
rs1126742,46932824,1,34
rs37369,35037010,5,34
rs212388,159069404,6,34
rs9376092,135106006,6,34
rs11959928,39397030,5,34
rs219780,36461009,21,34
rs1800592,140572807,4,34
rs2238136,47883930,12,34
rs3785143,55661194,16,34
rs363039,10239848,20,34
rs2427837,159288755,1,34
rs3796619,1101493,4,34
rs10737680,196710325,1,34
rs6570507,142358435,6,34
rs6904029,29975290,6,34
rs213950,117559479,7,34
rs28940580,3243447,16,34
rs4988234,135851103,2,34
rs2069832,22727814,7,34
rs11920090,170999732,3,34
rs3923809,38473194,6,33
rs2074356,112207597,12,33
rs4794067,47731462,17,33
rs2975760,240591746,2,33
rs8089,169217631,6,33
rs6983561,127094635,8,33
rs16888589,116623363,8,33
rs735396,121001041,12,33
rs11203203,42416077,21,33
rs2295190,152122609,6,33
rs3018362,62414860,18,33
rs4359,63494982,17,33
rs3877899,42801166,5,33
rs9883204,123377973,3,33
rs11866328,9768699,16,33
rs28399433,40850474,19,33
rs3024498,206768184,1,33
rs2736654,38758606,6,33
rs2070045,121577381,11,33
rs7528419,109274570,1,33
rs3753841,102914362,1,33
rs2036534,78534606,15,33
rs10735781,92655550,1,33
rs2941740,151688503,6,33
rs13015714,102355405,2,33
rs8702,103686015,14,33
rs11622475,104042739,14,33
rs6438552,119912967,3,33
rs1528133,8128206,11,33
rs2530547,34658310,7,33
rs7771980,45421552,6,33
rs4299376,43845437,2,33
rs739837,47844438,12,33
rs3758391,67883584,10,33
rs699473,24795181,4,33
rs4644,55138217,14,33
rs237885,8753857,3,33
rs2844479,31605179,6,33
rs1799939,43114671,10,33
rs2066865,154604124,4,33
rs7895676,121574483,10,33
rs2073658,161040972,1,33
rs6721961,177265309,2,33
rs1000778,61887833,11,33
rs1801726,122284985,3,33
rs2651899,3167148,1,33
rs10865035,100219272,2,32
rs2287622,168973818,2,32
rs6869366,83075927,5,32
rs35859249,37902468,4,32
rs17571,1761364,11,32
rs652438,102865911,11,32
rs3782179,88559549,12,32
rs3825942,73927241,15,32
rs11218350,121581942,11,32
rs11584383,200966738,1,32
rs846910,209701909,1,32
rs6691378,203187994,1,32
rs7123390,45869867,11,32
rs7934165,27710436,11,32
rs2857656,34254988,17,32
rs10483727,60606157,14,32
rs1613662,55025227,19,32
rs1676486,102888582,1,32
rs11842874,113040195,13,32
rs3751143,121184501,12,32
rs1047031,6870676,8,32
rs7746082,105987394,6,32
rs1491850,27728178,11,32
rs9302752,50685192,16,32
rs6065,4933086,17,32
rs805297,31654829,6,32
rs2283265,113414814,11,32
rs228648,7853370,1,32
rs1805005,89919436,16,32
rs12210050,475489,6,32
rs12720208,16992890,8,32
rs907094,39634118,17,32
rs2814707,27536399,9,32
rs1564282,858525,4,32
rs2073711,65201874,15,32
rs6690993,59238310,1,32
rs7349332,218891661,2,32
rs4129148,910180,X,32
rs721917,79946568,10,32
rs5569,55697923,16,32
rs643788,119097048,11,32
rs2074238,2463573,11,32
rs1011313,15633201,6,32
rs1408799,12672097,9,32
rs1975197,8846955,9,32
rs3748069,142446496,6,32
rs3733890,79126136,5,32
rs3918290,97450058,1,32
rs2470890,74755085,15,32
rs7221412,8137696,17,32
rs9344,69648142,11,32
rs28933390,165829781,3,32
rs4504469,24588656,6,32
rs37062,58533334,16,32
rs4641,156137743,1,32
rs798766,1732512,4,32
rs4795400,39910767,17,32
rs6797312,167769515,3,32
rs1799946,6877909,8,32
rs4712653,22125735,6,32
rs10050860,96786506,5,32
rs3129763,32623148,6,32
rs11568821,241851760,2,32
rs1494558,35860966,5,32
rs28933389,165830222,3,32
rs3087374,89316763,15,32
rs9292777,40437846,5,32
rs3748079,33620370,6,32
rs11761231,131685280,7,32
rs6330,115286692,1,31
rs12469063,66537176,2,31
rs1835740,97154685,8,31
rs3760511,37746322,17,31
rs9935401,53782926,16,31
rs2660,112919637,12,31
rs2270641,20180955,8,31
rs686,175441697,5,31
rs9514828,108269025,13,31
rs6573,111712767,1,31
rs2206734,20694653,6,31
rs11037909,44234064,11,31
rs11754661,150885942,6,31
rs1047972,56386407,20,31
rs1108580,133639992,9,31
rs9941349,53791576,16,31
rs3093024,167119305,6,31
rs4895441,135105435,6,31
rs5880,56981179,16,31
rs465646,111299555,6,31
rs2179922,151975965,6,31
rs3746544,10306436,20,31
rs2235040,87536434,7,31
rs2070995,37714662,21,31
rs3136441,46721697,11,31
rs2066715,104825752,9,31
rs6435862,214807822,2,31
rs2279590,27598736,8,31
rs11547464,89919683,16,31
rs2308327,129766906,10,31
rs737866,19942586,22,31
rs1333048,22125348,9,31
rs2227928,142562770,3,31
rs241448,32828908,6,31
rs363043,10245498,20,31
rs9296249,38398065,6,31
rs2069442,151058118,7,31
rs3811021,113814041,1,31
rs577948,122159482,11,31
rs12193446,129498893,6,31
rs55770810,43063931,17,31
rs2069514,74745879,15,31
rs5742904,21006288,2,31
rs2494262,159283882,1,31
rs1001179,34438684,11,31
rs1063856,6044368,12,31
rs701848,87966988,10,31
rs9834312,58096982,3,31
rs10427255,145367955,2,31
rs7753394,137764111,6,31
rs1800462,18143724,6,31
rs696217,10289773,3,31
rs10983755,117702392,9,31
rs35829419,247425556,1,31
rs3807306,128940626,7,31
rs4969168,78357712,17,31
rs36053993,45331556,1,31
rs3775296,186076613,4,31
rs4309,63482562,17,31
rs1160985,44900155,19,31
rs16847897,169850328,3,31
rs72474224,20189473,13,31
rs4765623,124836304,12,31
rs3734805,151618215,6,31
rs19,11557529,7,31
rs2214102,87600185,7,31
rs4148740,87522787,7,30
rs61753190,89178238,11,30
rs3843763,45919554,20,30
i4000379,31812438,13,30
rs1342387,202945228,1,30
i4000313,116936421,7,30
rs2066702,99307860,4,30
rs2074518,34997363,17,30
rs1113132,44231853,11,30
rs7120118,47264739,11,30
rs11030104,27662970,11,30
i4000297,116967560,7,30
rs447,84143099,7,30
rs13900,34256892,17,30
rs10893366,125308507,11,30
rs12916,75360714,5,30
rs1043994,15192033,19,30
rs3816587,25415622,4,30
rs757608,61419916,17,30
rs1132200,119431989,3,30
rs2069705,68161231,12,30
rs1800544,111076745,10,30
rs4803455,41345604,19,30
rs3025035,43783622,6,30
rs1057868,75985688,7,30
i5007146,118872770,5,30
i4000422,80967459,6,30
i4000386,153471417,1,30
rs1635852,28149792,7,30
i3002486,38309490,17,30
rs1092913,10467590,5,30
rs9331888,27611345,8,30
rs1800206,46218377,22,30
i5012558,17375178,11,30
rs28940579,3243310,16,30
rs2188962,132435113,5,30
rs17847577,31081132,8,30
rs2903265,80121042,15,30
rs1265159,31172270,6,30
rs16990018,4699732,20,30
rs2894207,31295974,6,30
rs12304921,50963759,12,30
rs3448,49359318,3,30
rs1545985,45963986,3,30
rs11110912,101648435,12,30
rs1805097,109782884,13,30
rs1047552,63305658,15,30
rs22,11556875,7,30
rs2267633,29603064,6,30
rs13385,140333293,5,30
rs17582416,34998722,10,30
rs2823093,15148511,21,30
rs3842,87504050,7,30
rs523349,31580636,2,30
rs8055236,83178793,16,30
rs9275224,32692101,6,30
rs174699,19966935,22,30
rs2072660,154576245,1,30
rs2267013,23203692,22,30
rs2736109,1296644,5,30
rs9982601,34226827,21,30
rs2853533,658064,18,30
rs40401,132060785,5,30
rs3842748,2160165,11,30
rs3784709,67779937,15,30
rs10440635,40490688,5,30
rs6596075,132406536,5,30
rs1057128,2776007,11,30
rs1514175,74525960,1,30
rs45511401,16079375,16,30
rs1044925,179354603,1,30
rs2278206,98555781,2,30
rs6718526,160357664,2,30
rs35732034,162268086,2,30
rs7202116,53787703,16,30
rs1520220,102402744,12,30
rs1800468,41354682,19,30
rs7671167,88962828,4,30
rs3805435,151021735,5,30
rs7659604,121744359,4,30
rs34,11553866,7,30
rs6837793,163335583,4,30
rs26232,103261019,5,30
rs2237717,116765333,7,30
rs2287886,7747650,19,29
rs612709,3671560,20,29
rs130058,77463564,6,29
rs9594759,42458457,13,29
rs3790565,67345673,1,29
rs3824968,121605213,11,29
rs3024994,43775770,6,29
rs11730582,87975269,4,29
rs7354779,44250887,21,29
rs29232,29643654,6,29
rs670139,60204322,11,29
rs6013029,37771178,20,29
rs995030,88496894,12,29
rs778294,105489886,13,29
rs162036,7885846,5,29
rs833070,43774889,6,29
rs1799986,57141483,12,29
rs12975333,51693275,19,29
rs3750817,121573063,10,29
rs7946,17506246,17,29
rs10008492,38764099,4,29
rs1063320,29830972,6,29
rs3213094,159323761,5,29
rs3803300,104803442,14,29
rs1130214,104793397,14,29
rs10513789,183042285,3,29
rs1052576,15506048,1,29
rs2066992,22728630,7,29
rs10242595,22734612,7,29
rs1169288,120978847,12,29
rs7493,95405463,7,29
rs3757318,151592978,6,29
rs8070723,46003698,17,29
rs4778241,28093567,15,29
rs1799814,74720646,15,29
rs5030655,42129083,22,29
rs6625163,67291142,X,29
rs12313273,121625105,12,29
rs1532278,27608798,8,29
rs9306160,43687681,21,29
rs2229765,98934996,15,29
rs10906115,12272998,10,29
rs17482078,96783162,5,29
rs11931074,89718364,4,29
rs4665058,159333698,2,29
rs1402000,183867753,3,29
rs925391,67120595,X,29
rs886205,111766623,12,29
rs11175593,40208138,12,29
rs689470,186671926,1,29
rs10754558,247448734,1,29
rs11886868,60493111,2,29
rs999885,100103553,7,29
rs1800584,18130781,6,29
rs3729547,201365254,1,29
rs7639618,15174922,3,29
rs4987117,32340099,13,29
rs2853676,1288432,5,29
rs6046,113118845,13,29
rs11569562,6678742,19,29
rs5746059,12202735,1,29
rs1378942,74785026,15,29
rs892086,10727001,19,28
rs10974944,5070831,9,28
rs11134527,168768351,5,28
rs2070729,132484229,5,28
rs10116277,22081398,9,28
rs10399931,203186952,1,28
rs9326506,43573110,10,28
rs10954174,128256483,7,28
rs6356,2169721,11,28
rs5934505,8945785,X,28
rs316019,160249250,6,28
rs6840978,122633552,4,28
rs4149268,104884939,9,28
rs603424,100315722,10,28
rs1458038,80243569,4,28
rs9268645,32440750,6,28
rs1412444,89243170,10,28
rs498793,61857233,11,28
rs7895833,67863299,10,28
rs7027989,21817755,9,28
rs2296241,54169680,20,28
rs28371725,42127803,22,28
rs947267,105487313,13,28
rs1042114,28812463,1,28
rs689465,186681714,1,28
rs2233434,44265183,6,28
rs279858,46312576,4,28
rs526934,59866020,11,28
rs11203366,17331039,1,28
rs12670798,21567734,7,28
rs1494555,35871088,5,28
rs11701,20693894,14,28
rs10930046,162281473,2,28
rs3024496,206768519,1,28
rs13212041,77461407,6,28
rs10784502,65950030,12,28
rs17115100,102831636,10,27
rs1801253,114045297,10,27
rs2272383,8101952,11,27
rs3918396,3671118,20,27
rs1805874,90069834,8,27
rs1041983,18400285,8,27
rs3758505,92575021,10,27
rs7524102,22371954,1,27
rs11642841,53811575,16,27
rs4763655,9602982,12,27
rs828907,216108009,2,27
rs174583,61842278,11,27
rs1834640,48099968,15,27
rs3093059,159715346,1,27
rs1800054,108227849,11,27
rs2303067,148101392,5,27
rs2305795,10115376,19,27
rs3759223,91113006,12,27
rs2256871,94949217,10,27
rs909525,43693955,X,27
rs1169300,120993422,12,27
rs2274756,44076518,20,27
rs3025000,43778432,6,27
rs2144908,44357077,20,27
rs3817334,47629441,11,27
rs2199936,89264355,4,27
rs17036101,12236345,3,27
rs735665,123490689,11,27
rs11650354,47744726,17,27
rs2032487,36299382,22,27
rs1800730,26090957,6,27
rs7158782,95702794,14,27
rs242939,45818213,17,27
rs6836703,76108994,4,27
rs1148259,37219522,10,27
rs1155563,71777771,4,27
rs1992660,40414965,5,27
rs7559271,222203567,2,27
rs10248420,87535670,7,27
rs201571,22032876,20,27
rs2229109,87550493,7,27
rs1021737,70439117,1,27
rs4331426,22610832,18,27
rs75932628,41161514,6,27
rs10822013,62492218,10,27
rs737267,9933120,4,27
rs9131,74097332,4,27
rs760805,24925432,1,27
rs1427407,60490908,2,27
rs1079597,113425564,11,27
rs12009,125235024,9,27
rs1554606,22729088,7,27
rs5754217,21585386,22,27
rs807701,24273563,6,27
rs3766404,196682702,1,27
rs1061646,89739569,16,27
rs1126497,47373967,2,27
rs10507391,30737959,13,27
rs1143633,112832890,2,27
rs1805124,38603929,3,27
rs9309413,68343640,2,27
rs1359790,80143021,13,27
rs12251307,6081532,10,27
rs2303428,47476361,2,27
rs7310409,120987058,12,27
rs1047100,121538644,10,27
rs1800472,41341955,19,27
rs10871454,31036758,16,27
rs1800435,113391611,9,27
rs11568818,102530930,11,27
rs4987161,99768458,7,27
rs2802288,108575012,6,26
rs10250779,44065297,7,26
rs9886784,1521204,9,26
rs2352028,91792975,13,26
rs548234,106120159,6,26
mt-t14783c,1,0,26
rs2681472,89615182,12,26
rs1501908,156971158,5,26
rs2338104,109457363,12,26
rs11892031,233656637,2,26
rs7044859,22018782,9,26
rs1061624,12207208,1,26
rs2315008,63712604,20,26
rs4648298,186672550,1,26
rs471767,101034566,11,26
rs9303277,39820216,17,26
rs17249754,89666809,12,26
rs1913517,48911009,10,26
rs3736309,49964271,12,26
rs4639966,118702810,11,26
rs876537,159705143,1,26
rs8052394,56639916,16,26
rs5854,102790143,11,26
rs2276109,102875061,11,26
rs3735520,81771623,7,26
rs997669,29813576,19,26
rs8049607,11597897,16,26
rs11540652,7674220,17,26
rs1126772,87983034,4,26
rs3794260,108204497,12,26
rs17531088,175175985,3,26
rs9543325,73342491,13,26
rs3810291,47065746,19,26
rs2288774,58316098,18,26
rs10034228,111690594,4,26
rs16942,43091983,17,26
rs28934574,7673776,17,26
rs4135385,41237949,3,26
rs2731672,177415473,5,26
rs6974491,37334906,7,26
rs2268578,91107421,12,26
rs391957,125241745,9,26
rs4253778,46234737,22,26
rs4788084,28528527,16,26
rs2787094,3668514,20,26
rs5748469,19919576,22,26
rs4788102,28862077,16,26
rs1334512,80638588,7,26
rs2881766,151797984,6,26
rs3774261,186853770,3,26
rs602633,109278889,1,26
rs833069,43774842,6,26
rs1884613,44351775,20,26
rs951005,34743684,9,26
rs2802292,108587315,6,26
rs3810936,114790605,9,26
rs642742,88905969,12,26
rs2072493,223111257,1,26
rs185819,32082290,6,26
rs1056827,38075034,2,26
rs28934571,7674216,17,26
rs1137070,43744144,X,26
rs1064395,19250926,19,26
rs4251417,30224840,17,26
rs2808630,159711078,1,26
rs1805123,150948446,7,26
rs2650000,120951159,12,26
rs9299,48592068,17,26
rs933271,19943884,22,26
rs11718863,15175196,3,26
rs7396835,116813312,11,26
rs11661542,22643732,18,26
rs11187061,92545652,10,26
rs2282978,92635096,7,26
rs2424932,32808730,20,26
rs2925979,81501185,16,26
rs103294,54293995,19,26
rs9296158,35599305,6,26
rs41360247,43846517,2,26
rs512625,3667731,20,26
rs2303759,49365794,19,26
rs4902647,68787474,14,26
rs6586282,43058387,21,26
rs630014,133274306,9,26
rs10830962,92965261,11,26
rs9976767,42416281,21,26
rs3842570,240594844,2,26
rs1518111,206771300,1,26
rs6413419,133532171,10,26
rs2542052,116829268,11,26
rs780093,27519736,2,26
rs748404,43267033,15,26
rs2286963,210195326,2,26
rs4687718,53248287,3,26
rs1800668,49358324,3,26
rs17366568,186852664,3,26
rs279871,46303716,4,26
rs7568369,207166591,2,26
rs17646946,152090291,1,26
rs2287987,96793832,5,26
mt-g4580a,1,0,25
rs28371733,40852860,22,25
rs28399444,46046030,19,25
rs12094543,35351102,1,25
rs11162922,80106373,1,25
rs11164838,92929821,1,25
rs6682654,160839213,1,25
rs10485057,154092120,6,25
rs35949130,5225485,11,25
rs35225141,5225718,11,25
rs35348864,5226798,11,25
rs35477349,5226942,11,25
rs931127,65637829,11,25
rs1805762,8945306,12,25
rs2854344,48423557,13,25
rs11466023,3249586,16,25
rs2279115,63319604,18,25
rs3761218,3795528,20,25
rs688034,26293669,22,25
rs1800546,101427574,9,25
rs12521868,132448701,5,25
rs7819412,11187652,8,25
rs63751218,5226670,11,25
rs1385699,66605144,X,25
rs10434,43785475,6,25
rs2619538,15664978,6,25
rs28694718,1374225,X,25
rs1889018,17831426,17,25
rs10919563,198731313,1,25
rs16945088,53778612,16,25
rs1355095,131913076,5,25
rs662702,31787522,11,25
rs198846,26107235,6,25
rs4986910,99760901,7,25
rs11003125,52772254,10,25
rs301430,4576680,9,25
rs2239681,2146751,11,25
rs705381,95324637,7,25
rs2073963,18838251,7,25
rs4925,104263031,10,25
rs3815148,107297975,7,25
rs3791675,55884174,2,25
i5007145,118816215,5,25
rs140693,129436608,3,25
rs11856808,77680428,15,25
rs1805128,34449382,21,25
rs28371685,94981224,10,25
rs6467,32039081,6,25
rs11012,45436075,17,25
rs139051,43928796,22,25
rs7570682,104366809,2,25
rs4969170,78364457,17,25
rs683395,183152030,3,25
rs11052552,9703362,12,25
rs2283123,133650175,9,25
rs12485738,56831748,3,25
rs1784931,121612229,11,25
rs63750223,5226795,11,25
rs73598374,44651586,20,25
rs1699103,121581217,11,25
rs998424,55698034,16,25
rs4538475,15736314,4,25
rs2536,11106656,1,25
rs6347,1411297,5,25
rs28360521,42132969,22,25
rs3738579,182586901,1,25
rs1333042,22103814,9,25
i5003700,107343187,7,25
rs11196218,113080735,10,25
rs902774,52880120,12,25
rs1039084,147314277,6,25
rs3922844,38582762,3,25
rs38841,116679872,7,25
rs9930333,53766065,16,25
rs1128334,128459064,11,25
rs9550642,20375953,13,25
rs1800437,45678134,19,25
rs6601764,3820350,10,25
rs2297480,155309691,1,25
rs1799722,96204802,14,25
rs7719175,132650771,5,25
rs727479,51242350,15,25
rs7542235,196854483,1,25
rs7561317,644953,2,25
rs7775,182834857,2,25
rs11680730,49060921,2,25
rs10937405,189665394,3,25
rs1734787,154059995,X,25
rs17101921,121393781,10,25
rs1602565,29140589,11,25
rs1805192,12379739,3,25
rs8192709,40991369,19,25
rs2206593,186673297,1,25
rs749174,67585782,11,25
rs925451,186266415,4,25
rs511898,3674438,20,25
rs28357094,87975645,4,25
rs17482753,19975135,8,25
rs28421666,32624960,6,25
rs1554483,55455650,4,24
rs806380,88154934,6,24
rs619203,117301021,6,24
rs1057911,94988980,10,24
rs6494223,32104256,15,24
rs28940578,3243405,16,24
rs6503691,42242072,17,24
rs2077119,186612673,3,24
rs5945572,51486831,X,24
rs8187710,99851537,10,24
rs1861868,53756490,16,24
rs1234313,173197108,1,24
rs12936231,39872867,17,24
rs2298566,130880747,11,24
rs588765,78573083,15,24
rs1801265,97883329,1,24
rs4911442,34767243,20,24
rs40184,1394962,5,24
rs2966952,7867917,5,24
rs17879961,28725099,22,24
rs13293564,35166766,9,24
rs7103411,27678578,11,24
rs2870983,18918329,22,24
rs1386494,71958763,12,24
rs10399805,203186870,1,24
rs2470893,74727108,15,24
rs1077834,58431280,15,24
rs17044137,111874141,4,24
rs5029939,137874586,6,24
rs614367,69513996,11,24
rs1143643,112830725,2,24
rs33980500,111592059,6,24
rs2049045,27672694,11,24
rs9282564,87600124,7,24
rs3824999,74634505,11,24
rs1861972,155461298,7,24
rs1884614,44351879,20,24
rs2298383,24429543,22,24
rs2278749,13376331,11,24
rs7422339,211248752,2,24
rs2146323,43777358,6,24
rs3741775,108889827,12,24
rs806377,88149004,6,24
rs10116253,117702042,9,24
rs4803750,44744370,19,24
rs4986850,43093454,17,24
rs3124952,134879836,9,24
rs1367117,21041028,2,24
rs16827546,40757217,1,24
rs833068,43774790,6,24
rs1364043,63955024,5,24
rs7646054,56775600,3,24
rs984222,118961220,0,24
rs951266,78586199,15,24
rs767870,1780657,12,24
rs3809865,47311220,17,24
rs2736911,122454839,10,24
rs1800169,58624028,11,24
rs704010,79081391,10,24
rs20576,23200707,8,24
rs2230724,5081780,9,24
rs50871,45359257,19,24
rs2082412,159290781,5,24
rs13211507,28289600,6,24
rs6426833,19845367,1,24
rs16902094,127308101,8,24
rs878567,63960164,5,24
rs3136038,13919522,16,24
rs1047781,48703374,19,24
rs3753394,196651787,1,24
rs615672,32606394,6,24
rs1135840,42126611,22,24
rs732774,51949672,13,24
rs2274976,11790870,1,24
rs4846051,11794400,1,24
rs7665116,23851388,4,24
rs17366743,186854300,3,24
rs4149313,106626574,9,24
rs16981293,8928037,Y,24
rs38857,116725359,7,24
rs11809207,26194649,1,24
rs10840759,8138610,12,24
rs355527,6407421,20,24
rs11865121,11072831,16,24
rs8904,35402011,14,24
rs174555,61812288,11,24
rs4821544,36862461,22,24
rs12760457,113847126,1,24
rs12913832-2,1,1,24
rs8102137,29805946,19,24
rs4712523,20657333,6,24
rs1169310,121001630,12,24
rs10778213,103101373,12,24
rs12053903,38551902,3,24
rs10813831,32526148,9,24
rs919766,159320556,5,24
rs16879552,32553698,8,24
rs7115850,78334025,11,24
rs2471738,45998697,17,24
rs10893365,125306541,11,24
rs231777,203868865,2,24
rs5030710,117712443,9,24
rs6557634,23116201,8,24
rs10109414,23893638,8,24
rs1562902,14896670,11,24
rs37370,35039381,5,24
rs1983891,41568689,6,24
rs3025030,43782850,6,24
rs727428,7634474,17,24
rs10509681,95038992,10,24
rs10503929,32756465,8,24
rs13405728,48751020,2,24
rs10280101,87524269,7,24
rs3850641,173206693,1,24
rs708723,205770138,1,24
rs429608,31962685,6,24
rs3813865,133525740,10,24
rs2243115,159988493,3,24
rs1859345,137111731,5,24
rs2228314,41880738,22,24
rs7950226,13296592,11,24
rs1540771,466033,6,24
rs1047286,6713251,19,24
rs111,24413286,7,24
rs2517713,29950322,6,24
rs2856717,32702531,6,24
rs10166942,233916448,2,23
rs1800759,99144358,4,23
rs1736557,171110939,1,23
rs10516526,105767747,4,23
rs12721627,99768470,7,23
rs3218005,22000248,9,23
rs2515475,6530918,8,23
rs956572,63153338,18,23
rs2254958,37149148,2,23
rs4305,63480868,17,23
rs17884712,94775489,10,23
rs574174,3670047,20,23
rs10131,108207498,13,23
rs1861973,155461450,7,23
rs3737965,11806394,1,23
rs255052,67991092,16,23
rs910316,75159339,14,23
rs11047543,24635405,12,23
rs7080536,113588287,10,23
rs12778366,67883321,10,23
rs6532197,89876150,4,23
rs7480010,42225168,11,23
rs34911341,10289835,3,23
rs35667974,162268127,2,23
rs563694,168917561,2,23
rs3807989,116546187,7,23
rs9623117,40056115,22,23
rs11248060,970571,4,23
rs1223271,13316265,20,23
rs1143642,112830976,2,23
rs6495306,78573551,15,23
rs7151526,94397299,14,23
rs1992662,40393750,5,23
rs2856758,46370170,3,23
rs7176508,69726651,15,23
rs1043618,31815730,6,23
rs2032597,12735858,Y,23
rs6763931,141383991,3,23
rs107251,4176088,19,23
rs2237562,86792916,7,23
rs7543472,16113897,1,23
rs3794262,43771627,12,23
rs5031017,40843845,19,23
rs10838527,45881643,11,23
rs2427827,159302021,1,23
rs700651,197766990,2,23
rs9589207,91351335,13,23
rs2277438,42581032,13,23
rs3218625,186674409,1,23
rs1172822,55308477,19,23
rs549908,112150193,11,23
rs1950902,64415662,14,23
rs11083846,46704397,19,23
rs3024493,206770623,1,23
rs3838646,18991181,Y,23
rs9909104,18344707,17,23
rs28934578,7675088,17,23
rs3129055,29702484,6,23
rs2032583,87531245,7,23
rs4849887,120487546,2,23
rs17367504,11802721,1,23
rs1176744,113932306,11,23
rs28362286,55063542,1,23
rs3097,142911899,8,23
rs67608943,55046549,1,23
rs1776897,34227234,6,23
rs1799966,43071077,17,23
rs743554,75758167,17,23
rs10821944,62025330,10,23
rs3771180,102337157,2,23
rs1994090,40034759,12,23
rs605059,42554888,17,23
rs1021188,42541997,13,23
rs928554,64227477,14,23
rs11053646,10160849,12,23
rs6700896,65624099,1,23
rs3923086,65553370,17,23
rs13393577,212432139,2,23
rs1014971,38936618,22,23
rs7483,109737079,1,23
rs1811399,100862552,2,23
rs7632287,8749760,3,23
rs2298771,166036278,2,23
rs10336,76001835,4,23
rs4784227,52565276,16,23
rs3738919,186656533,2,23
rs1614972,99336998,4,23
rs1065489,196740644,1,23
rs3730089,68292320,5,23
rs1837253,111066174,5,23
rs5968255,83999684,X,23
rs112,24413183,7,23
rs42041,92617430,7,23
rs751141,27516348,8,23
rs951436,163063552,1,22
rs8176058,142957921,7,22
rs11572080,95067273,10,22
rs664143,108354934,11,22
rs10505483,127112950,8,22
rs5352,77901095,13,22
rs2670660,5615686,17,22
rs2250889,46013767,20,22
rs2837960,41139991,21,22
rs4825476,123307628,X,22
rs1983132,177298634,4,22
rs2229634,33670403,6,22
rs7000448,127428925,8,22
rs3733197,101918130,4,22
rs1011731,172377408,1,22
rs16969681,32700910,15,22
rs11755527,90248512,6,22
rs10953541,107604100,7,22
rs11556045,74689390,5,22
rs2073838,132313529,5,22
rs885747,8147419,17,22
rs4292,63476980,17,22
rs140700,30216371,17,22
rs975278,223982990,2,22
rs4970834,109272258,1,22
rs528557,3671095,20,22
rs6189,143400774,5,22
rs839523,211951364,2,22
rs9349379,12903725,6,22
rs740602,19962745,22,22
rs6457620,32696222,6,22
rs7553007,159728759,1,22
rs55853698,78565597,15,22
rs3093726,31579012,6,22
rs17293632,67150258,15,22
rs2786098,197356778,1,22
rs11177074,68150654,12,22
rs3807153,138733046,7,22
rs2020918,42214920,8,22
rs2235529,22123994,1,22
rs2233679,9834678,19,22
rs11574143,47841134,12,22
rs13129697,9925343,4,22
rs1843809,71954918,12,22
rs2280789,35879999,17,22
rs11465384,7745120,19,22
rs2227956,31810495,6,22
rs9525638,42554441,13,22
rs1801239,16877053,10,22
rs8176318,43045257,17,22
rs8044769,53805223,16,22
rs504963,48705608,19,22
rs1799944,32337326,13,22
rs5471,72054562,16,22
rs1800610,31576050,6,22
rs1800498,113420866,11,22
rs4923461,27635363,11,22
rs3817655,35872637,17,22
rs2606345,74724835,15,22
rs7910977,92450119,10,22
rs3760318,30920697,17,22
rs180223,132888007,8,22
rs3908,19571278,Y,22
rs2853209,3670825,20,22
rs3753396,196726612,1,22
rs5092,116822748,11,22
rs211239,33022051,13,22
rs733722,49608897,10,22
rs11881940,41302527,19,22
rs4846567,219577375,1,22
rs687289,133261703,9,22
rs1800280,31478233,X,22
rs2903692,11144926,16,22
rs1042719,148827884,5,22
rs6957,41324701,19,22
rs280519,10362257,19,22
rs1012068,31869917,22,22
rs8177400,126292695,11,22
rs4900384,98032614,14,22
rs1800370,7676261,17,22
rs34276300,19995425,Y,22
rs6903956,11774350,6,22
rs4711998,52185555,6,22
rs3731217,21984662,9,22
rs17222279,14727619,Y,22
rs2020942,30219896,17,22
rs938682,78604205,15,22
rs2233408,35405286,14,22
rs231778,203869098,2,22
rs11107116,93584728,12,22
rs2630578,32152853,12,22
rs7077361,15519544,10,22
rs667282,78571130,15,22
rs7738656,121393702,6,22
rs2860580,29938914,6,22
rs9275596,32713854,6,22
rs742132,25607343,6,22
rs2267668,35410145,6,22
rs2062377,118995181,8,22
rs1042571,25161018,2,22
rs11697186,3204477,20,22
rs12447690,88264518,16,22
rs833052,43755598,6,22
rs1900004,68241124,10,22
rs3739998,30027143,10,22
rs4364254,83302560,4,22
rs3846663,75359901,5,22
rs6552828,184804262,4,22
rs4253211,49470271,10,22
rs10889553,65440582,1,22
rs12212193,90287050,6,22
rs2069837,22728408,7,22
rs6939340,22139775,6,22
rs926103,156815190,1,22
rs9286879,172893094,1,22
rs823128,205744250,1,22
rs1047840,241878999,1,22
rs1805389,108211261,13,22
rs949963,102153326,2,22
rs13431828,102338193,2,22
rs16856187,168913876,2,22
rs5067,11845924,1,22
rs1799807,165830741,3,22
rs4698412,15735725,4,22
rs12037606,172929262,1,22
rs110419,8231306,11,22
rs2221903,122617757,4,22
rs4813802,6718948,20,22
rs1812175,144653692,4,22
rs3136797,42369287,8,22
rs6603272,1431138,X,21
rs6684439,154423363,1,21
rs10918594,162060898,1,21
rs8192288,24795056,4,21
rs4864548,55547636,4,21
rs5335,147542688,4,21
rs6180,42719137,5,21
rs2011077,177094455,5,21
rs2269475,31616154,6,21
rs974819,103789839,11,21
rs1050283,10159690,12,21
rs5743289,50722863,16,21
rs198389,11859214,1,21
rs28414810,1373457,X,21
rs9897526,44349572,17,21
rs445114,127310936,8,21
rs266882,50854757,19,21
rs663048,26299111,22,21
rs1540339,47863543,12,21
rs3213207,15627871,6,21
rs151290,2800385,11,21
rs7890572,29622701,X,21
rs543749,3669032,20,21
rs35369693,206116696,1,21
rs4845622,154438943,1,21
rs7937,40796801,19,21
rs2842951,18135452,6,21
rs11668477,11084354,19,21
rs746432,151808173,6,21
rs1554286,206770888,1,21
rs28371706,42129770,22,21
rs3841324,76644868,15,21
rs3093668,31578718,6,21
rs222020,71770555,4,21
rs891512,151011001,7,21
rs2248359,54174979,20,21
rs2153271,16864523,9,21
rs1799801,13948101,16,21
rs2296545,88583080,10,21
rs2713604,128481616,3,21
rs3748816,2595307,1,21
rs4488809,189638472,3,21
rs1805096,65636574,1,21
rs342293,106731773,7,21
rs1805127,34449523,21,21
rs1804495,106034370,X,21
rs9937053,53765595,16,21
rs289714,56973539,16,21
rs1461496,123058916,11,21
rs28399499,41012316,19,21
rs2069845,22730530,7,21
rs2946834,102394036,12,21
rs968567,61828092,11,21
rs17703883,51237900,15,21
rs11071559,60777789,15,21
rs531564,9903189,8,21
rs532010,151809783,6,21
rs12356193,59653595,10,21
rs1044471,1787790,12,21
rs8756,65965972,12,21
rs12431733,53824112,14,21
rs4713902,35646249,6,21
rs17066096,137131771,6,21
rs4846914,230159944,1,21
rs6469804,119032590,8,21
rs4819756,18925165,22,21
rs7021206,120921879,9,21
rs28371686,94981301,10,21
rs2292566,224086276,1,21
rs1477017,55483250,16,21
rs12531711,128977412,7,21
rs11799226,13542548,Y,21
rs2240032,132641435,5,21
rs227092,108366056,11,21
rs11200014,121575416,10,21
rs6544718,43877786,2,21
rs42524,94413927,7,21
rs5444,6846891,12,21
rs12917,129708019,10,21
rs4242384,127506309,8,21
rs4129009,38773268,4,21
rs4906902,26774621,15,21
rs4446909,1693783,XY,21
rs2300403,46601141,21,21
rs10965235,22115106,9,21
rs10464059,180367208,5,21
rs28647808,133440409,9,21
rs1394205,49154446,2,21
rs2227589,173917078,1,21
rs3761547,49262004,X,21
rs1887922,92464408,10,21
rs267734,150979001,1,21
rs757343,47845892,12,21
rs3745367,7669625,19,21
rs2297950,203225058,1,21
rs9347683,162728023,6,21
rs1800932,47790942,2,21
rs1041973,102339008,2,21
rs35744813,1330080,1,21
rs7200749,31091268,16,21
rs4691139,164987569,4,21
rs1678542,57574932,12,21
rs1049742,150857465,7,21
rs230529,102536261,4,21
rs992037,161580404,6,21
rs16,11563272,7,21
rs5787121,96602504,10,20
rs63750945,5204582,11,20
rs63750915,5204606,11,20
i4001479,40854764,22,20
rs1375144,115483610,2,20
rs352046,73998833,4,20
rs6458307,42763377,6,20
rs56411402,99665237,7,20
rs759178,147878020,7,20
rs2609653,34379474,8,20
rs6413420,133527325,10,20
rs35699606,5226994,11,20
rs35497102,5226995,11,20
rs63750475,5227017,11,20
rs187116,35144253,11,20
rs28933087,52492669,12,20
rs28937284,153835456,X,20
rs61754361,89178520,11,20
rs7301328,13865843,12,20
rs34002892,101753469,12,20
rs4773144,110308365,13,20
rs3218713,23431468,14,20
rs3783799,61452498,14,20
rs28931568,94382966,14,20
rs3825776,58454631,15,20
rs7501331,81280891,16,20
rs28928894,41612327,17,20
rs2070106,41973846,17,20
rs28897672,43106487,17,20
rs915909,133533893,10,20
rs34937014,5226604,11,20
rs34533941,5226608,11,20
rs34224604,5234126,11,20
rs10982256,114498554,9,20
rs368794,33829547,19,20
rs72667023,50198169,17,20
rs28933668,154966522,X,20
rs1558744,68110812,12,20
rs2177369,49635683,10,20
rs63749811,47476473,2,20
rs2151280,22034720,9,20
rs3921,76021790,4,20
rs13265557,86647872,8,20
rs3729931,12585017,3,20
rs9332131,94949281,10,20
i5012660,219234186,2,20
rs11708996,38592432,3,20
i4000419,153472187,1,20
rs8887,4502189,19,20
i4000305,117015096,7,20
i3002468,26199164,6,20
rs2020936,30223796,17,20
rs3129860,32433302,6,20
rs5558,55699647,16,20
rs3340,154452307,5,20
rs12368653,57739473,12,20
rs72656352,50185534,17,20
rs4775936,51243825,15,20
rs4744712,68819791,9,20
rs34856846,5226985,11,20
i3002808,80935381,6,20
rs2697962,13824497,1,20
rs324640,137004249,7,20
rs11556924,130023656,7,20
rs7804356,26852046,7,20
rs2274910,160882256,1,20
rs61754399,89295242,11,20
rs12483377,45511195,21,20
i3002432,46717631,11,20
i5008233,17441580,11,20
rs488133,151804309,6,20
rs11636232,28141480,15,20
rs1236440,13221267,Y,20
rs2516839,161043331,1,20
rs11097457,95155662,4,20
i4000415,153472258,1,20
rs3758650,616865,11,20
i5000002,107137813,7,20
rs1360517,13007130,9,20
rs63751449,47410177,2,20
rs851982,151703850,6,20
rs8057044,53778702,16,20
rs2653349,55277539,6,20
rs72659345,94430292,7,20
rs13397985,230226508,2,20
rs2398162,96287321,15,20
rs2930291,74312493,15,20
i5012759,75999434,1,20
rs10757272,22088261,9,20
rs1344484,52878387,16,20
rs4646421,74723851,15,20
rs3771166,102369762,2,20
rs2048327,160442500,6,20
rs1042718,148827354,5,20
rs5030849,102852875,12,20
rs477895,64281440,11,20
rs5925,11120205,19,20
rs17817288,53773852,16,20
rs2248374,96900192,5,20
rs36212066,47332274,11,20
rs11803731,152110849,1,20
rs10491334,111436706,5,20
rs4639334,32710192,6,20
rs363050,10253609,20,20
rs1868402,68181905,2,20
rs251177,141647317,5,20
rs3791878,170815681,2,20
rs34750035,5226571,11,20
rs312481,53517875,3,20
rs140504,23285182,22,20
rs1047214,155214524,4,20
rs7775698,135097497,6,20
rs28357092,27373179,1,20
i5012760,75984095,1,20
i5012618,107117901,7,20
rs2059254,68783536,16,20
rs1385600,78225120,11,20
rs10151259,21321881,14,20
rs11066001,111681367,12,20
rs11012732,21541175,10,20
rs210138,33574761,6,20
rs281379,48711017,19,20
rs489693,60215554,18,20
rs1012672,12131981,12,20
rs1566439,56990750,16,20
i5012688,91968812,7,20
rs1019385,13981909,12,20
rs8028529,36362396,15,20
rs629849,160073377,6,20
rs1408272,25842723,6,20
rs4753426,92968430,11,20
rs12580100,56045425,12,20
rs9533090,42377313,13,20
rs10892759,121593379,11,20
rs7258249,8206837,19,20
rs7200786,11083944,16,20
i5012634,74411027,6,20
i5000696,107122154,7,20
rs36107977,5226697,11,20
i5000003,107117806,7,20
rs988328,151920015,6,20
rs1012356,68250838,12,20
rs9693444,29652100,8,20
rs3741981,113348870,12,20
rs448378,169383111,3,20
rs3814055,119781188,3,20
rs711752,56962299,16,20
rs3176336,36681039,6,20
rs28932472,25161179,2,20
rs7577363,29653477,2,20
rs13429458,43411699,2,20
rs72558188,96691969,10,20
i5012755,75971159,1,20
i5012758,75970997,1,20
rs2538976,147888727,7,20
rs2007153,133638697,9,20
rs552976,168934928,2,20
rs4253623,46154203,22,20
rs11549407,5226774,11,20
rs1321172,66265030,1,20
rs28933674,154904871,X,20
i5012616,107102732,7,20
i4000396,89111157,15,20
rs2639703,225625209,1,20
rs1061235,29945521,6,20
rs1800709,43093010,17,20
rs7965399,102497908,12,20
rs1057035,95087805,14,20
rs10801935,117179265,1,20
rs749292,51266534,15,20
rs7652331,45921260,3,20
rs9995651,89795026,4,20
rs833058,43764117,6,20
rs13182402,126582456,5,20
rs722208,152001750,6,20
rs55817950,99676198,7,20
i5000693,107099926,7,20
rs6684865,2614790,1,19
rs801114,228862088,1,19
rs9864422,15185745,3,19
rs7774434,32689801,6,19
rs3812316,73606007,7,19
rs17173608,150339575,7,19
rs4626664,9261737,9,19
rs10980705,111040905,9,19
rs2209972,92419271,10,19
rs12777823,94645745,10,19
rs9561778,95061461,13,19
rs17647532,35654108,18,19
rs3745516,50423485,19,19
rs63750847,25897620,21,19
rs3808607,58500365,8,19
rs17700144,60144750,18,19
rs1937,58385582,10,19
rs27388,127348117,5,19
rs13113918,9996869,4,19
rs3793917,122459759,10,19
rs2363956,17283315,19,19
rs6494696,67810868,15,19
rs6873545,42631162,5,19
rs6943555,70341037,7,19
rs10318,32733778,15,19
rs181359,21574352,22,19
rs2681492,89619312,12,19
rs10484561,32697643,6,19
rs1049434,112913924,1,19
rs1805086,190060351,2,19
rs499697,152520678,1,19
rs11855415,101334918,15,19
rs28934576,7673802,17,19
rs3761863,40364850,12,19
rs563649,154086832,6,19
rs743507,151010400,7,19
rs11038167,44821583,11,19
rs6124914,37387840,20,19
rs3803,128480537,3,19
rs1834481,112153104,11,19
rs7188697,58588274,16,19
rs6350,1443084,5,19
rs1544105,127800446,9,19
rs17300741,64563990,11,19
rs10501087,27648561,11,19
rs3737597,232037092,1,19
rs11685387,216109091,2,19
rs11176013,40320071,12,19
rs28942097,46709164,3,19
rs9862,32857293,22,19
rs12913975,66764823,15,19
rs884409,171522147,2,19
rs4334089,47892232,12,19
rs3894194,39965740,17,19
rs1341665,159721769,1,19
rs12746200,186880054,1,19
rs1250550,79300560,10,19
rs10490923,122454735,10,19
rs10892151,117661016,11,19
rs12931267,89752324,16,19
rs2243274,132679140,5,19
rs11575897,2787139,Y,19
rs1050565,30249058,17,19
rs10119,44903416,19,19
rs11658329,63685671,17,19
rs7626962,38579416,3,19
rs35201266,22692184,8,19
rs11465413,7741065,19,19
rs822396,186849088,3,19
rs210135,33648670,6,19
rs2952768,207629510,2,19
rs2076295,7562999,6,19
rs7078160,117068049,10,19
rs7754561,131891554,6,19
rs6859,44878777,19,19
rs1183201,25823216,6,19
rs1346044,31167138,8,19
rs12041331,156899922,1,19
rs5744455,140633722,5,19
rs2020917,19941361,22,19
rs3735972,86575970,8,19
rs11195419,111079610,10,19
rs8192917,24632954,14,19
rs769455,44908783,19,19
rs6441286,160011091,3,19
rs8176740,133256085,9,19
rs4646450,99668695,7,19
rs249954,23629146,16,19
rs11571316,203866366,2,19
rs1042031,21002881,2,18
rs2056116,13008363,4,18
rs4833103,38813881,4,18
rs3804505,52438563,6,18
rs11190302,99873158,10,18
rs7913069,103954641,10,18
rs10498345,38551301,14,18
rs78378222,7668434,17,18
rs7213516,63474189,17,18
rs5742905,43063074,21,18
rs2266886,153965901,X,18
rs4474514,88560182,12,18
rs4293,63478305,17,18
rs12910984,78599285,15,18
rs3730358,104780070,14,18
